-- Datos de ejemplo: tus ingredientes y recetas originales.
-- Ejecuta esto en el editor SQL de Neon DESPUES de sql/schema.sql, una sola vez.

INSERT INTO ingredients (id, nombre, unidad, peso_vol, costo_total) VALUES
  ('ing1', 'Arepa Paisa', 'UNI', 1, 800),
  ('ing2', 'Bbq Sobre', 'UNI', 100, 9400),
  ('ing3', 'Bolsa Papel', 'UNI', 100, 7500),
  ('ing4', 'Bolsa Plastica', 'UNI', 100, 2200),
  ('ing5', 'Carne Desmechada', 'GR', 1000, 62000),
  ('ing6', 'Carne Hamburguesa', 'UNI', 10, 13000),
  ('ing7', 'Cebolla', 'UNI', 20, 1000),
  ('ing8', 'Chicharrones Porcion', 'GRA', 1000, 20000),
  ('ing9', 'Dulce', 'UNI', 100, 7500),
  ('ing10', 'Gaseosa 250Ml', 'UNI', 1, 1000),
  ('ing11', 'Huevo', 'UNI', 1, 600),
  ('ing12', 'Jamon', 'UNI', 18, 9500),
  ('ing13', 'L19', 'UNI', 100, 3000),
  ('ing14', 'Lamina 30X30', 'UNI', 100, 7000),
  ('ing15', 'Lamina 30X40', 'UNI', 100, 7500),
  ('ing16', 'Lechuga', 'UNI', 20, 3000),
  ('ing17', 'Llevar', 'UNI', 1, 700),
  ('ing18', 'Maiz Tierno', 'GR', 1000, 10500),
  ('ing19', 'Mantequilla', 'GR', 1000, 5000),
  ('ing20', 'Mollejas', 'GR', 1000, 16150),
  ('ing21', 'Palo Hamburguesa', 'UNI', 120, 1400),
  ('ing22', 'Pan Hamburguesa', 'UNI', 8, 7800),
  ('ing23', 'Pan Perro', 'UNI', 8, 7800),
  ('ing24', 'Papa Chip', 'GR', 1000, 12000),
  ('ing25', 'Papa Francesa', 'GR', 2500, 19000),
  ('ing26', 'Piña Rodajas', 'UNI', 1, 1000),
  ('ing27', 'Pollo Desmechado', 'GR', 1000, 30000),
  ('ing28', 'Porta Arepa', 'UNI', 100, 7500),
  ('ing29', 'Porta Perro', 'UNI', 100, 8000),
  ('ing30', 'Queso Costeño', 'GR', 1000, 25000),
  ('ing31', 'Queso Tajado', 'UNI', 80, 50000),
  ('ing32', 'Rosada Sobre', 'UNI', 100, 8000),
  ('ing33', 'Salchicha', 'UNI', 15, 12000),
  ('ing34', 'Salsa Bbq', 'ML', 1000, 8800),
  ('ing35', 'Salsa De Ajo', 'ML', 1000, 10000),
  ('ing36', 'Salsa Piña', 'ML', 1000, 9100),
  ('ing37', 'Salsa Rosada', 'ML', 1000, 8800),
  ('ing38', 'Salsa Tomate', 'ML', 1000, 9400),
  ('ing39', 'Servilleta', 'UNI', 200, 3000),
  ('ing40', 'Suero Costeño', 'ML', 400, 10000),
  ('ing41', 'Tajadas', 'UNI', 1, 600),
  ('ing42', 'Tenedor', 'UNI', 100, 3600),
  ('ing43', 'Tocineta', 'UNI', 18, 11000),
  ('ing44', 'Tomate', 'UNI', 6, 2500),
  ('ing45', 'Trocitos De Platano', 'UNI', 1, 500)
ON CONFLICT (id) DO NOTHING;

INSERT INTO recipes (id, nombre, margen) VALUES
  ('rec1', 'Salchipapa Pareja', 100),
  ('rec2', 'Salchipapa Especial', 100),
  ('rec3', 'Salchipapa Sencillo', 100),
  ('rec4', 'Combo Sencillo', 100),
  ('rec5', 'Hamburguesa Sencilla', 100),
  ('rec6', 'Perro Sencillo', 100),
  ('rec7', 'Perro Especial', 100),
  ('rec8', 'Arepa Con Todo', 100),
  ('rec9', 'Arepa Mixta', 100),
  ('rec10', 'Arepa De Mollejas', 100),
  ('rec11', 'Arepa De Pollo', 100),
  ('rec12', 'Arepa De Carne', 100),
  ('rec13', 'Hamburguesa Malcriada', 100),
  ('rec14', 'Hamburguesa Clásica', 100),
  ('rec15', 'Hamburguesa Doble Carne', 100),
  ('rec16', 'Hamburguesa Costeña', 100),
  ('rec17', 'Hamburguesa Especial', 100),
  ('rec18', 'Hamburguesa Hawaiana', 100)
ON CONFLICT (id) DO NOTHING;

INSERT INTO recipe_items (recipe_id, ingredient_id, cantidad) VALUES
  ('rec1', 'ing25', 300),
  ('rec1', 'ing33', 3),
  ('rec1', 'ing44', 2),
  ('rec1', 'ing16', 4),
  ('rec1', 'ing9', 2),
  ('rec1', 'ing43', 1),
  ('rec1', 'ing27', 80),
  ('rec1', 'ing5', 80),
  ('rec1', 'ing39', 4),
  ('rec1', 'ing34', 20),
  ('rec1', 'ing4', 1),
  ('rec1', 'ing24', 40),
  ('rec1', 'ing30', 50),
  ('rec1', 'ing2', 2),
  ('rec1', 'ing42', 2),
  ('rec1', 'ing32', 2),
  ('rec1', 'ing18', 20),
  ('rec1', 'ing37', 15),
  ('rec1', 'ing38', 15),
  ('rec1', 'ing35', 15),
  ('rec2', 'ing25', 150),
  ('rec2', 'ing33', 2),
  ('rec2', 'ing44', 1),
  ('rec2', 'ing16', 2),
  ('rec2', 'ing9', 1),
  ('rec2', 'ing43', 2),
  ('rec2', 'ing27', 40),
  ('rec2', 'ing5', 40),
  ('rec2', 'ing39', 2),
  ('rec2', 'ing34', 10),
  ('rec2', 'ing4', 1),
  ('rec2', 'ing24', 25),
  ('rec2', 'ing30', 30),
  ('rec2', 'ing2', 1),
  ('rec2', 'ing42', 1),
  ('rec2', 'ing32', 1),
  ('rec2', 'ing18', 10),
  ('rec2', 'ing37', 10),
  ('rec2', 'ing38', 10),
  ('rec2', 'ing35', 10),
  ('rec3', 'ing25', 150),
  ('rec3', 'ing33', 2),
  ('rec3', 'ing44', 1),
  ('rec3', 'ing16', 2),
  ('rec3', 'ing9', 1),
  ('rec3', 'ing39', 2),
  ('rec3', 'ing34', 10),
  ('rec3', 'ing4', 1),
  ('rec3', 'ing24', 25),
  ('rec3', 'ing31', 1),
  ('rec3', 'ing2', 1),
  ('rec3', 'ing42', 1),
  ('rec3', 'ing32', 1),
  ('rec3', 'ing18', 10),
  ('rec3', 'ing37', 10),
  ('rec3', 'ing38', 10),
  ('rec3', 'ing35', 10),
  ('rec4', 'ing22', 1),
  ('rec4', 'ing6', 1),
  ('rec4', 'ing44', 1),
  ('rec4', 'ing7', 1),
  ('rec4', 'ing25', 150),
  ('rec4', 'ing16', 1),
  ('rec4', 'ing21', 1),
  ('rec4', 'ing10', 1),
  ('rec4', 'ing9', 1),
  ('rec4', 'ing39', 2),
  ('rec4', 'ing14', 1),
  ('rec4', 'ing34', 10),
  ('rec4', 'ing4', 1),
  ('rec4', 'ing3', 1),
  ('rec4', 'ing37', 10),
  ('rec4', 'ing38', 10),
  ('rec4', 'ing35', 10),
  ('rec5', 'ing22', 1),
  ('rec5', 'ing6', 1),
  ('rec5', 'ing44', 1),
  ('rec5', 'ing7', 1),
  ('rec5', 'ing16', 1),
  ('rec5', 'ing21', 1),
  ('rec5', 'ing39', 2),
  ('rec5', 'ing14', 1),
  ('rec5', 'ing34', 10),
  ('rec5', 'ing4', 1),
  ('rec5', 'ing3', 1),
  ('rec5', 'ing37', 10),
  ('rec5', 'ing38', 10),
  ('rec5', 'ing35', 10),
  ('rec6', 'ing23', 1),
  ('rec6', 'ing33', 1),
  ('rec6', 'ing24', 40),
  ('rec6', 'ing30', 30),
  ('rec6', 'ing29', 1),
  ('rec6', 'ing15', 1),
  ('rec6', 'ing38', 10),
  ('rec6', 'ing2', 1),
  ('rec6', 'ing32', 1),
  ('rec6', 'ing39', 2),
  ('rec6', 'ing4', 1),
  ('rec6', 'ing35', 10),
  ('rec7', 'ing23', 1),
  ('rec7', 'ing33', 1),
  ('rec7', 'ing24', 40),
  ('rec7', 'ing30', 30),
  ('rec7', 'ing5', 40),
  ('rec7', 'ing27', 40),
  ('rec7', 'ing18', 20),
  ('rec7', 'ing29', 1),
  ('rec7', 'ing15', 1),
  ('rec7', 'ing38', 10),
  ('rec7', 'ing2', 1),
  ('rec7', 'ing32', 1),
  ('rec7', 'ing39', 2),
  ('rec7', 'ing4', 1),
  ('rec7', 'ing35', 10),
  ('rec8', 'ing1', 1),
  ('rec8', 'ing19', 8),
  ('rec8', 'ing30', 30),
  ('rec8', 'ing5', 40),
  ('rec8', 'ing27', 40),
  ('rec8', 'ing12', 1),
  ('rec8', 'ing18', 20),
  ('rec8', 'ing8', 30),
  ('rec8', 'ing20', 40),
  ('rec8', 'ing45', 1),
  ('rec8', 'ing28', 1),
  ('rec8', 'ing13', 1),
  ('rec8', 'ing39', 2),
  ('rec8', 'ing3', 1),
  ('rec8', 'ing4', 1),
  ('rec8', 'ing35', 10),
  ('rec9', 'ing1', 1),
  ('rec9', 'ing19', 8),
  ('rec9', 'ing30', 30),
  ('rec9', 'ing5', 40),
  ('rec9', 'ing27', 60),
  ('rec9', 'ing28', 1),
  ('rec9', 'ing13', 1),
  ('rec9', 'ing39', 2),
  ('rec9', 'ing4', 1),
  ('rec9', 'ing35', 10),
  ('rec10', 'ing1', 1),
  ('rec10', 'ing19', 8),
  ('rec10', 'ing30', 30),
  ('rec10', 'ing20', 100),
  ('rec10', 'ing28', 1),
  ('rec10', 'ing13', 1),
  ('rec10', 'ing39', 2),
  ('rec10', 'ing4', 1),
  ('rec10', 'ing35', 10),
  ('rec11', 'ing1', 1),
  ('rec11', 'ing19', 8),
  ('rec11', 'ing30', 30),
  ('rec11', 'ing27', 100),
  ('rec11', 'ing28', 1),
  ('rec11', 'ing13', 1),
  ('rec11', 'ing39', 2),
  ('rec11', 'ing4', 1),
  ('rec11', 'ing35', 10),
  ('rec12', 'ing1', 1),
  ('rec12', 'ing19', 8),
  ('rec12', 'ing30', 30),
  ('rec12', 'ing5', 80),
  ('rec12', 'ing28', 1),
  ('rec12', 'ing13', 1),
  ('rec12', 'ing39', 2),
  ('rec12', 'ing4', 1),
  ('rec12', 'ing35', 10),
  ('rec13', 'ing22', 1),
  ('rec13', 'ing24', 25),
  ('rec13', 'ing6', 1),
  ('rec13', 'ing11', 1),
  ('rec13', 'ing43', 1),
  ('rec13', 'ing31', 1),
  ('rec13', 'ing12', 1),
  ('rec13', 'ing44', 1),
  ('rec13', 'ing7', 1),
  ('rec13', 'ing16', 1),
  ('rec13', 'ing17', 1),
  ('rec14', 'ing22', 1),
  ('rec14', 'ing24', 25),
  ('rec14', 'ing6', 1),
  ('rec14', 'ing31', 1),
  ('rec14', 'ing12', 1),
  ('rec14', 'ing44', 1),
  ('rec14', 'ing7', 1),
  ('rec14', 'ing16', 1),
  ('rec14', 'ing17', 1),
  ('rec15', 'ing22', 1),
  ('rec15', 'ing24', 25),
  ('rec15', 'ing6', 2),
  ('rec15', 'ing31', 1),
  ('rec15', 'ing12', 1),
  ('rec15', 'ing44', 1),
  ('rec15', 'ing7', 1),
  ('rec15', 'ing16', 1),
  ('rec15', 'ing17', 1),
  ('rec16', 'ing22', 1),
  ('rec16', 'ing24', 25),
  ('rec16', 'ing6', 1),
  ('rec16', 'ing30', 50),
  ('rec16', 'ing43', 1),
  ('rec16', 'ing41', 1),
  ('rec16', 'ing40', 50),
  ('rec16', 'ing12', 1),
  ('rec16', 'ing18', 30),
  ('rec16', 'ing44', 1),
  ('rec16', 'ing7', 1),
  ('rec16', 'ing16', 1),
  ('rec16', 'ing17', 1),
  ('rec17', 'ing22', 1),
  ('rec17', 'ing24', 25),
  ('rec17', 'ing6', 1),
  ('rec17', 'ing31', 1),
  ('rec17', 'ing43', 1),
  ('rec17', 'ing5', 40),
  ('rec17', 'ing27', 40),
  ('rec17', 'ing12', 1),
  ('rec17', 'ing18', 30),
  ('rec17', 'ing44', 1),
  ('rec17', 'ing7', 1),
  ('rec17', 'ing16', 1),
  ('rec17', 'ing17', 1),
  ('rec18', 'ing22', 1),
  ('rec18', 'ing24', 25),
  ('rec18', 'ing6', 1),
  ('rec18', 'ing31', 1),
  ('rec18', 'ing43', 1),
  ('rec18', 'ing26', 1),
  ('rec18', 'ing36', 10),
  ('rec18', 'ing12', 1),
  ('rec18', 'ing44', 1),
  ('rec18', 'ing7', 1),
  ('rec18', 'ing16', 1),
  ('rec18', 'ing17', 1);